S.No,Student Id,Name,Email,Country Code,Mobile Number,Address,Gender,Dob,Blood group,Nationality,Religion,Parent Id,Father name,Father mobile number,Father email id,Mother name,Mother mobile,Mother email id,Standard,Section,Class id,Roll Number,Location,Emergency Contact Number,Father Occupation,Father Annual Income,Mother Occupation,Mother Annual Income
1,VDT00001,Muthu,1muthu@gmail.com,91,7449183990,Muthu Address,Male,2010-10-23,O+,Indian,Hindu,VDI00001,muthu father,7449183990,muthufather@gmail.com,muthu mother,9999911111,muthumother@gmail.com,6th,A,VDL0001,SA0001,Velacherry,9999944442,Developer,100000,Developer,50000
2,VDT00002,Kumaran,2kumaran@gmail.com,91,9606960371,Address,Male,2010-10-23,O+,Indian,Hindu,VDI00002,kumaran father,9606960371,muthufather@gmail.com,muthu mother,9999911111,muthumother@gmail.com,6th,A,VDL0001,SA0002,Adyar,9999944445,Developer,100000,Developer,50000
3,VDT00003,Arun,3arun@gmail.com,91,9606960571,Address,Male,2010-10-23,O+,Indian,Hindu,VDI00003,arun father,9606960571,arunfather@gmail.com,arun mother,9999911113,arunmother@gmail.com,7th,A,VDL0002,SA0003,Tambaram,9999944442,Developer,100000,Developer,50000
4,VDT00004,Kumar,4kumar@gmail.com,91,9606360371,Address,Male,2010-10-23,O+,Indian,Hindu,VDI00004,kumar father,9606360371,kumarfather@gmail.com,kumar mother,9999911114,kumarmother@gmail.com,8th,A,VDL0003,SA0004,Perungudi,9999944449,Developer,100000,Developer,50000
