S.No,Teacher Id,Name,Email,Country Code,Mobile Number,Address,Gender,Dob,Blood group,Nationality,Religion,Official address,Subjects,Subjects id,Caste Category,Father name,Mother name,Language written,Language spoken,Father occupation,Mother occupation,Qualification,Year of passing,Total Marks,School/College/University,Emergency Number,Category
1,VDTECH001,Harishkumar,445hari895@gmail.com,91,9994824473,"Nagar South, Madipakkam, Chennai, Tamil Nadu 600091",Male,1995-03-01,A+,Indian,Hindu,Official Address,Tamil,VDSUB001,MBC,Test1,Test01,"English, Tamil","Tamil, English",Government employee,House wife,Bsc,2016,90,Test,7686574565,Primary
2,VDTECH002,Premkumar,66prem89@gmail.com,91,6382103897,"Ram Nagar South, Madipakkam, Chennai, Tamil Nadu 600091",Male,1995-04-23,O+,Indian,Hindu,Official Address,English,VDSUB002,BC,Test2,Test02,"English, Tamil","Tamil, English",Government employee,House wife,Bsc,2016,90,Anna university,7686574565,Primary
3,VDTECH003,Parama,77para849@gmail.com,91,7358850787,"Ram Nagar South, Madipakkam, Chennai, Tamil Nadu 600091",Male,1995-05-01,B+,Indian,Hindu,Official Address,Maths,VDSUB003,BC,Test3,Test03,"English, Tamil","Tamil, English",Government employee,House wife,Bsc,2016,90,Anna university,7686574565,Primary
4,VDTECH004,Ram,77para849@gmail.com,91,7358850747,"Ram Nagar South, Madipakkam, Chennai, Tamil Nadu 600091",Male,1985-09-09,B+,Indian,Hindu,Official Address,Science,VDSUB004,BC,Test4,Test04,"English, Tamil","Tamil, English",Government employee,House wife,Bsc,2016,90,Anna university,7686574565,Secondary
5,VDTECH005,Prabhu,77para849@gmail.com,91,7358850727,"Ram Nagar South, Madipakkam, Chennai, Tamil Nadu 600091",Male,1995-06-04,B+,Indian,Hindu,Official Address,Social Science,VDSUB005,BC,Test5,Test05,"English, Tamil","Tamil, English",Government employee,House wife,Bsc,2016,90,Anna university,7686574565,Primary
