Sl no,Register Number,Vehicle Name,Purchase Date,Manufacturer,Model,Gps Device Id,Capacity,FC Number,FC Start Date,FC End Date,Total Fc done,Insurance Number,Insurance Start Date,Insurance End Date
1,TN 3533,car1,2023-08-01,MG,MG Diesel,test csv,23,B24UHhD244EF,2023-07-01,2023-09-13,1,UYG2424HIKK242,2023-07-01,2023-08-12
2,TN 3534,car2,2023-08-02,MG,MG Diesel,test csv,24,B24UHhD244EF,2023-07-02,2023-09-14,2,UYG2424HIKK243,2023-07-02,2023-08-13
3,TN 3535,car3,2023-08-03,MG,MG Diesel,test csv,25,B24UHhD244EF,2023-07-03,2023-09-15,3,UYG2424HIKK244,2023-07-03,2023-08-14
4,TN 3536,car4,2023-08-04,MG,MG Diesel,test csv,26,B24UHhD244EF,2023-07-04,2023-09-16,4,UYG2424HIKK245,2023-07-04,2023-08-15
5,TN 3537,car5,2023-08-05,MG,MG Diesel,test csv,27,B24UHhD244EF,2023-07-05,2023-09-17,5,UYG2424HIKK246,2023-07-05,2023-08-16
