Student Name,DOB,Gender,Student ID,Student Roll Number,Admission Number,Student Mobile Number,Academic year,Admission Class,Blood Group,Parent Id,Address,Location,Father Name,Father Email,Father Mobile,Father Alternate Mobile,Mother Name,Mother Email,Mother Mobile Number,Mother Alternate Number,Father Occupation,Mother Occupation,Father Annual Income,Mother Annual Income,Emergency Contact,Previous School Name,Board,Marks,Previous Class,Percentage,Representative,Address proof,birthcertificate,passport photo,aadhar,domicile certificate
Mullai,27012036,Male,STD51,ROLL51,ADM51,9999999239,2023 - 2024,6 - B,AB+,PID51,Chennai,Chennai,ABCD,ABCD@gmail.com,9999999239,9993000039,ABCDE,ABCDE@gmail.com,9930000039,9930000039,Business,House Wife,200000,0,9999999990,ABC School,Matriculation,100,5,80,Good,/Users/mullai/Documents/Doc For Automation/Aadhar Card.webp,/Users/mullai/Documents/Doc For Automation/Birth Certificate.png,/Users/mullai/Documents/Doc For Automation/Passport Size Photo.jpeg,/Users/mullai/Documents/Doc For Automation/Aadhar Card.webp,/Users/mullai/Documents/Doc For Automation/Domicile certificate.jpeg
Mullai,27012036,Male,STD52,ROLL52,ADM52,9999999240,2023 - 2024,6 - B,AB+,PID52,Chennai,Chennai,ABCD,ABCD@gmail.com,9999999240,9993000040,ABCDE,ABCDE@gmail.com,9930000040,9930000040,Business,House Wife,200000,0,9999999990,ABC School,Matriculation,100,5,80,Good,/Users/mullai/Documents/Doc For Automation/Aadhar Card.webp,/Users/mullai/Documents/Doc For Automation/Birth Certificate.png,/Users/mullai/Documents/Doc For Automation/Passport Size Photo.jpeg,/Users/mullai/Documents/Doc For Automation/Aadhar Card.webp,/Users/mullai/Documents/Doc For Automation/Domicile certificate.jpeg
Mullai,27012036,Male,STD53,ROLL53,ADM53,9999999241,2023 - 2024,6 - B,AB+,PID53,Chennai,Chennai,ABCD,ABCD@gmail.com,9999999241,9993000041,ABCDE,ABCDE@gmail.com,9930000041,9930000041,Business,House Wife,200000,0,9999999990,ABC School,Matriculation,100,5,80,Good,/Users/mullai/Documents/Doc For Automation/Aadhar Card.webp,/Users/mullai/Documents/Doc For Automation/Birth Certificate.png,/Users/mullai/Documents/Doc For Automation/Passport Size Photo.jpeg,/Users/mullai/Documents/Doc For Automation/Aadhar Card.webp,/Users/mullai/Documents/Doc For Automation/Domicile certificate.jpeg
Mullai,27012036,Male,STD54,ROLL54,ADM54,9999999242,2023 - 2024,6 - B,AB+,PID54,Chennai,Chennai,ABCD,ABCD@gmail.com,9999999242,9993000042,ABCDE,ABCDE@gmail.com,9930000042,9930000042,Business,House Wife,200000,0,9999999990,ABC School,Matriculation,100,5,80,Good,/Users/mullai/Documents/Doc For Automation/Aadhar Card.webp,/Users/mullai/Documents/Doc For Automation/Birth Certificate.png,/Users/mullai/Documents/Doc For Automation/Passport Size Photo.jpeg,/Users/mullai/Documents/Doc For Automation/Aadhar Card.webp,/Users/mullai/Documents/Doc For Automation/Domicile certificate.jpeg
Mullai,27012036,Male,STD55,ROLL55,ADM55,9999999243,2023 - 2024,6 - B,AB+,PID55,Chennai,Chennai,ABCD,ABCD@gmail.com,9999999243,9993000043,ABCDE,ABCDE@gmail.com,9930000043,9930000043,Business,House Wife,200000,0,9999999990,ABC School,Matriculation,100,5,80,Good,/Users/mullai/Documents/Doc For Automation/Aadhar Card.webp,/Users/mullai/Documents/Doc For Automation/Birth Certificate.png,/Users/mullai/Documents/Doc For Automation/Passport Size Photo.jpeg,/Users/mullai/Documents/Doc For Automation/Aadhar Card.webp,/Users/mullai/Documents/Doc For Automation/Domicile certificate.jpeg
Mullai,27012036,Male,STD56,ROLL56,ADM56,9999999244,2023 - 2024,6 - B,AB+,PID56,Chennai,Chennai,ABCD,ABCD@gmail.com,9999999244,9993000044,ABCDE,ABCDE@gmail.com,9930000044,9930000044,Business,House Wife,200000,0,9999999990,ABC School,Matriculation,100,5,80,Good,/Users/mullai/Documents/Doc For Automation/Aadhar Card.webp,/Users/mullai/Documents/Doc For Automation/Birth Certificate.png,/Users/mullai/Documents/Doc For Automation/Passport Size Photo.jpeg,/Users/mullai/Documents/Doc For Automation/Aadhar Card.webp,/Users/mullai/Documents/Doc For Automation/Domicile certificate.jpeg
Mullai,27012036,Male,STD57,ROLL57,ADM57,9999999245,2023 - 2024,6 - B,AB+,PID57,Chennai,Chennai,ABCD,ABCD@gmail.com,9999999245,9993000045,ABCDE,ABCDE@gmail.com,9930000045,9930000045,Business,House Wife,200000,0,9999999990,ABC School,Matriculation,100,5,80,Good,/Users/mullai/Documents/Doc For Automation/Aadhar Card.webp,/Users/mullai/Documents/Doc For Automation/Birth Certificate.png,/Users/mullai/Documents/Doc For Automation/Passport Size Photo.jpeg,/Users/mullai/Documents/Doc For Automation/Aadhar Card.webp,/Users/mullai/Documents/Doc For Automation/Domicile certificate.jpeg
Mullai,27012036,Male,STD58,ROLL58,ADM58,9999999246,2023 - 2024,6 - B,AB+,PID58,Chennai,Chennai,ABCD,ABCD@gmail.com,9999999246,9993000046,ABCDE,ABCDE@gmail.com,9930000046,9930000046,Business,House Wife,200000,0,9999999990,ABC School,Matriculation,100,5,80,Good,/Users/mullai/Documents/Doc For Automation/Aadhar Card.webp,/Users/mullai/Documents/Doc For Automation/Birth Certificate.png,/Users/mullai/Documents/Doc For Automation/Passport Size Photo.jpeg,/Users/mullai/Documents/Doc For Automation/Aadhar Card.webp,/Users/mullai/Documents/Doc For Automation/Domicile certificate.jpeg
Mullai,27012036,Male,STD59,ROLL59,ADM59,9999999247,2023 - 2024,6 - B,AB+,PID59,Chennai,Chennai,ABCD,ABCD@gmail.com,9999999247,9993000047,ABCDE,ABCDE@gmail.com,9930000047,9930000047,Business,House Wife,200000,0,9999999990,ABC School,Matriculation,100,5,80,Good,/Users/mullai/Documents/Doc For Automation/Aadhar Card.webp,/Users/mullai/Documents/Doc For Automation/Birth Certificate.png,/Users/mullai/Documents/Doc For Automation/Passport Size Photo.jpeg,/Users/mullai/Documents/Doc For Automation/Aadhar Card.webp,/Users/mullai/Documents/Doc For Automation/Domicile certificate.jpeg
Mullai,27012036,Male,STD60,ROLL60,ADM60,9999999248,2023 - 2024,6 - B,AB+,PID60,Chennai,Chennai,ABCD,ABCD@gmail.com,9999999248,9993000048,ABCDE,ABCDE@gmail.com,9930000048,9930000048,Business,House Wife,200000,0,9999999990,ABC School,Matriculation,100,5,80,Good,/Users/mullai/Documents/Doc For Automation/Aadhar Card.webp,/Users/mullai/Documents/Doc For Automation/Birth Certificate.png,/Users/mullai/Documents/Doc For Automation/Passport Size Photo.jpeg,/Users/mullai/Documents/Doc For Automation/Aadhar Card.webp,/Users/mullai/Documents/Doc For Automation/Domicile certificate.jpeg
Mullai,27012036,Male,STD61,ROLL61,ADM61,9999999249,2023 - 2024,6 - B,AB+,PID61,Chennai,Chennai,ABCD,ABCD@gmail.com,9999999249,9993000049,ABCDE,ABCDE@gmail.com,9930000049,9930000049,Business,House Wife,200000,0,9999999990,ABC School,Matriculation,100,5,80,Good,/Users/mullai/Documents/Doc For Automation/Aadhar Card.webp,/Users/mullai/Documents/Doc For Automation/Birth Certificate.png,/Users/mullai/Documents/Doc For Automation/Passport Size Photo.jpeg,/Users/mullai/Documents/Doc For Automation/Aadhar Card.webp,/Users/mullai/Documents/Doc For Automation/Domicile certificate.jpeg
Mullai,27012036,Male,STD62,ROLL62,ADM62,9999999250,2023 - 2024,6 - B,AB+,PID62,Chennai,Chennai,ABCD,ABCD@gmail.com,9999999250,9993000050,ABCDE,ABCDE@gmail.com,9930000050,9930000050,Business,House Wife,200000,0,9999999990,ABC School,Matriculation,100,5,80,Good,/Users/mullai/Documents/Doc For Automation/Aadhar Card.webp,/Users/mullai/Documents/Doc For Automation/Birth Certificate.png,/Users/mullai/Documents/Doc For Automation/Passport Size Photo.jpeg,/Users/mullai/Documents/Doc For Automation/Aadhar Card.webp,/Users/mullai/Documents/Doc For Automation/Domicile certificate.jpeg
Mullai,27012036,Male,STD63,ROLL63,ADM63,9999999251,2023 - 2024,6 - B,AB+,PID63,Chennai,Chennai,ABCD,ABCD@gmail.com,9999999251,9993000051,ABCDE,ABCDE@gmail.com,9930000051,9930000051,Business,House Wife,200000,0,9999999990,ABC School,Matriculation,100,5,80,Good,/Users/mullai/Documents/Doc For Automation/Aadhar Card.webp,/Users/mullai/Documents/Doc For Automation/Birth Certificate.png,/Users/mullai/Documents/Doc For Automation/Passport Size Photo.jpeg,/Users/mullai/Documents/Doc For Automation/Aadhar Card.webp,/Users/mullai/Documents/Doc For Automation/Domicile certificate.jpeg
Mullai,27012036,Male,STD64,ROLL64,ADM64,9999999252,2023 - 2024,6 - B,AB+,PID64,Chennai,Chennai,ABCD,ABCD@gmail.com,9999999252,9993000052,ABCDE,ABCDE@gmail.com,9930000052,9930000052,Business,House Wife,200000,0,9999999990,ABC School,Matriculation,100,5,80,Good,/Users/mullai/Documents/Doc For Automation/Aadhar Card.webp,/Users/mullai/Documents/Doc For Automation/Birth Certificate.png,/Users/mullai/Documents/Doc For Automation/Passport Size Photo.jpeg,/Users/mullai/Documents/Doc For Automation/Aadhar Card.webp,/Users/mullai/Documents/Doc For Automation/Domicile certificate.jpeg
Mullai,27012036,Male,STD65,ROLL65,ADM65,9999999253,2023 - 2024,6 - B,AB+,PID65,Chennai,Chennai,ABCD,ABCD@gmail.com,9999999253,9993000053,ABCDE,ABCDE@gmail.com,9930000053,9930000053,Business,House Wife,200000,0,9999999990,ABC School,Matriculation,100,5,80,Good,/Users/mullai/Documents/Doc For Automation/Aadhar Card.webp,/Users/mullai/Documents/Doc For Automation/Birth Certificate.png,/Users/mullai/Documents/Doc For Automation/Passport Size Photo.jpeg,/Users/mullai/Documents/Doc For Automation/Aadhar Card.webp,/Users/mullai/Documents/Doc For Automation/Domicile certificate.jpeg
Mullai,27012036,Male,STD66,ROLL66,ADM66,9999999254,2023 - 2024,6 - B,AB+,PID66,Chennai,Chennai,ABCD,ABCD@gmail.com,9999999254,9993000054,ABCDE,ABCDE@gmail.com,9930000054,9930000054,Business,House Wife,200000,0,9999999990,ABC School,Matriculation,100,5,80,Good,/Users/mullai/Documents/Doc For Automation/Aadhar Card.webp,/Users/mullai/Documents/Doc For Automation/Birth Certificate.png,/Users/mullai/Documents/Doc For Automation/Passport Size Photo.jpeg,/Users/mullai/Documents/Doc For Automation/Aadhar Card.webp,/Users/mullai/Documents/Doc For Automation/Domicile certificate.jpeg
Mullai,27012036,Male,STD67,ROLL67,ADM67,9999999255,2023 - 2024,6 - B,AB+,PID67,Chennai,Chennai,ABCD,ABCD@gmail.com,9999999255,9993000055,ABCDE,ABCDE@gmail.com,9930000055,9930000055,Business,House Wife,200000,0,9999999990,ABC School,Matriculation,100,5,80,Good,/Users/mullai/Documents/Doc For Automation/Aadhar Card.webp,/Users/mullai/Documents/Doc For Automation/Birth Certificate.png,/Users/mullai/Documents/Doc For Automation/Passport Size Photo.jpeg,/Users/mullai/Documents/Doc For Automation/Aadhar Card.webp,/Users/mullai/Documents/Doc For Automation/Domicile certificate.jpeg
Mullai,27012036,Male,STD68,ROLL68,ADM68,9999999256,2023 - 2024,6 - B,AB+,PID68,Chennai,Chennai,ABCD,ABCD@gmail.com,9999999256,9993000056,ABCDE,ABCDE@gmail.com,9930000056,9930000056,Business,House Wife,200000,0,9999999990,ABC School,Matriculation,100,5,80,Good,/Users/mullai/Documents/Doc For Automation/Aadhar Card.webp,/Users/mullai/Documents/Doc For Automation/Birth Certificate.png,/Users/mullai/Documents/Doc For Automation/Passport Size Photo.jpeg,/Users/mullai/Documents/Doc For Automation/Aadhar Card.webp,/Users/mullai/Documents/Doc For Automation/Domicile certificate.jpeg
Mullai,27012036,Male,STD69,ROLL69,ADM69,9999999257,2023 - 2024,6 - B,AB+,PID69,Chennai,Chennai,ABCD,ABCD@gmail.com,9999999257,9993000057,ABCDE,ABCDE@gmail.com,9930000057,9930000057,Business,House Wife,200000,0,9999999990,ABC School,Matriculation,100,5,80,Good,/Users/mullai/Documents/Doc For Automation/Aadhar Card.webp,/Users/mullai/Documents/Doc For Automation/Birth Certificate.png,/Users/mullai/Documents/Doc For Automation/Passport Size Photo.jpeg,/Users/mullai/Documents/Doc For Automation/Aadhar Card.webp,/Users/mullai/Documents/Doc For Automation/Domicile certificate.jpeg
Mullai,27012036,Male,STD70,ROLL70,ADM70,9999999258,2023 - 2024,6 - B,AB+,PID70,Chennai,Chennai,ABCD,ABCD@gmail.com,9999999258,9993000058,ABCDE,ABCDE@gmail.com,9930000058,9930000058,Business,House Wife,200000,0,9999999990,ABC School,Matriculation,100,5,80,Good,/Users/mullai/Documents/Doc For Automation/Aadhar Card.webp,/Users/mullai/Documents/Doc For Automation/Birth Certificate.png,/Users/mullai/Documents/Doc For Automation/Passport Size Photo.jpeg,/Users/mullai/Documents/Doc For Automation/Aadhar Card.webp,/Users/mullai/Documents/Doc For Automation/Domicile certificate.jpeg
Mullai,27012036,Male,STD71,ROLL71,ADM71,9999999259,2023 - 2024,6 - B,AB+,PID71,Chennai,Chennai,ABCD,ABCD@gmail.com,9999999259,9993000059,ABCDE,ABCDE@gmail.com,9930000059,9930000059,Business,House Wife,200000,0,9999999990,ABC School,Matriculation,100,5,80,Good,/Users/mullai/Documents/Doc For Automation/Aadhar Card.webp,/Users/mullai/Documents/Doc For Automation/Birth Certificate.png,/Users/mullai/Documents/Doc For Automation/Passport Size Photo.jpeg,/Users/mullai/Documents/Doc For Automation/Aadhar Card.webp,/Users/mullai/Documents/Doc For Automation/Domicile certificate.jpeg
Mullai,27012036,Male,STD72,ROLL72,ADM72,9999999260,2023 - 2024,6 - B,AB+,PID72,Chennai,Chennai,ABCD,ABCD@gmail.com,9999999260,9993000060,ABCDE,ABCDE@gmail.com,9930000060,9930000060,Business,House Wife,200000,0,9999999990,ABC School,Matriculation,100,5,80,Good,/Users/mullai/Documents/Doc For Automation/Aadhar Card.webp,/Users/mullai/Documents/Doc For Automation/Birth Certificate.png,/Users/mullai/Documents/Doc For Automation/Passport Size Photo.jpeg,/Users/mullai/Documents/Doc For Automation/Aadhar Card.webp,/Users/mullai/Documents/Doc For Automation/Domicile certificate.jpeg
Mullai,27012036,Male,STD73,ROLL73,ADM73,9999999261,2023 - 2024,6 - B,AB+,PID73,Chennai,Chennai,ABCD,ABCD@gmail.com,9999999261,9993000061,ABCDE,ABCDE@gmail.com,9930000061,9930000061,Business,House Wife,200000,0,9999999990,ABC School,Matriculation,100,5,80,Good,/Users/mullai/Documents/Doc For Automation/Aadhar Card.webp,/Users/mullai/Documents/Doc For Automation/Birth Certificate.png,/Users/mullai/Documents/Doc For Automation/Passport Size Photo.jpeg,/Users/mullai/Documents/Doc For Automation/Aadhar Card.webp,/Users/mullai/Documents/Doc For Automation/Domicile certificate.jpeg
Mullai,27012036,Male,STD74,ROLL74,ADM74,9999999262,2023 - 2024,6 - B,AB+,PID74,Chennai,Chennai,ABCD,ABCD@gmail.com,9999999262,9993000062,ABCDE,ABCDE@gmail.com,9930000062,9930000062,Business,House Wife,200000,0,9999999990,ABC School,Matriculation,100,5,80,Good,/Users/mullai/Documents/Doc For Automation/Aadhar Card.webp,/Users/mullai/Documents/Doc For Automation/Birth Certificate.png,/Users/mullai/Documents/Doc For Automation/Passport Size Photo.jpeg,/Users/mullai/Documents/Doc For Automation/Aadhar Card.webp,/Users/mullai/Documents/Doc For Automation/Domicile certificate.jpeg
Mullai,27012036,Male,STD75,ROLL75,ADM75,9999999263,2023 - 2024,6 - B,AB+,PID75,Chennai,Chennai,ABCD,ABCD@gmail.com,9999999263,9993000063,ABCDE,ABCDE@gmail.com,9930000063,9930000063,Business,House Wife,200000,0,9999999990,ABC School,Matriculation,100,5,80,Good,/Users/mullai/Documents/Doc For Automation/Aadhar Card.webp,/Users/mullai/Documents/Doc For Automation/Birth Certificate.png,/Users/mullai/Documents/Doc For Automation/Passport Size Photo.jpeg,/Users/mullai/Documents/Doc For Automation/Aadhar Card.webp,/Users/mullai/Documents/Doc For Automation/Domicile certificate.jpeg
Mullai,27012036,Male,STD76,ROLL76,ADM76,9999999264,2023 - 2024,6 - B,AB+,PID76,Chennai,Chennai,ABCD,ABCD@gmail.com,9999999264,9993000064,ABCDE,ABCDE@gmail.com,9930000064,9930000064,Business,House Wife,200000,0,9999999990,ABC School,Matriculation,100,5,80,Good,/Users/mullai/Documents/Doc For Automation/Aadhar Card.webp,/Users/mullai/Documents/Doc For Automation/Birth Certificate.png,/Users/mullai/Documents/Doc For Automation/Passport Size Photo.jpeg,/Users/mullai/Documents/Doc For Automation/Aadhar Card.webp,/Users/mullai/Documents/Doc For Automation/Domicile certificate.jpeg
Mullai,27012036,Male,STD77,ROLL77,ADM77,9999999265,2023 - 2024,6 - B,AB+,PID77,Chennai,Chennai,ABCD,ABCD@gmail.com,9999999265,9993000065,ABCDE,ABCDE@gmail.com,9930000065,9930000065,Business,House Wife,200000,0,9999999990,ABC School,Matriculation,100,5,80,Good,/Users/mullai/Documents/Doc For Automation/Aadhar Card.webp,/Users/mullai/Documents/Doc For Automation/Birth Certificate.png,/Users/mullai/Documents/Doc For Automation/Passport Size Photo.jpeg,/Users/mullai/Documents/Doc For Automation/Aadhar Card.webp,/Users/mullai/Documents/Doc For Automation/Domicile certificate.jpeg
Mullai,27012036,Male,STD78,ROLL78,ADM78,9999999266,2023 - 2024,6 - B,AB+,PID78,Chennai,Chennai,ABCD,ABCD@gmail.com,9999999266,9993000066,ABCDE,ABCDE@gmail.com,9930000066,9930000066,Business,House Wife,200000,0,9999999990,ABC School,Matriculation,100,5,80,Good,/Users/mullai/Documents/Doc For Automation/Aadhar Card.webp,/Users/mullai/Documents/Doc For Automation/Birth Certificate.png,/Users/mullai/Documents/Doc For Automation/Passport Size Photo.jpeg,/Users/mullai/Documents/Doc For Automation/Aadhar Card.webp,/Users/mullai/Documents/Doc For Automation/Domicile certificate.jpeg
Mullai,27012036,Male,STD79,ROLL79,ADM79,9999999267,2023 - 2024,6 - B,AB+,PID79,Chennai,Chennai,ABCD,ABCD@gmail.com,9999999267,9993000067,ABCDE,ABCDE@gmail.com,9930000067,9930000067,Business,House Wife,200000,0,9999999990,ABC School,Matriculation,100,5,80,Good,/Users/mullai/Documents/Doc For Automation/Aadhar Card.webp,/Users/mullai/Documents/Doc For Automation/Birth Certificate.png,/Users/mullai/Documents/Doc For Automation/Passport Size Photo.jpeg,/Users/mullai/Documents/Doc For Automation/Aadhar Card.webp,/Users/mullai/Documents/Doc For Automation/Domicile certificate.jpeg
Mullai,27012036,Male,STD80,ROLL80,ADM80,9999999268,2023 - 2024,6 - B,AB+,PID80,Chennai,Chennai,ABCD,ABCD@gmail.com,9999999268,9993000068,ABCDE,ABCDE@gmail.com,9930000068,9930000068,Business,House Wife,200000,0,9999999990,ABC School,Matriculation,100,5,80,Good,/Users/mullai/Documents/Doc For Automation/Aadhar Card.webp,/Users/mullai/Documents/Doc For Automation/Birth Certificate.png,/Users/mullai/Documents/Doc For Automation/Passport Size Photo.jpeg,/Users/mullai/Documents/Doc For Automation/Aadhar Card.webp,/Users/mullai/Documents/Doc For Automation/Domicile certificate.jpeg
Mullai,27012036,Male,STD81,ROLL81,ADM81,9999999269,2023 - 2024,6 - B,AB+,PID81,Chennai,Chennai,ABCD,ABCD@gmail.com,9999999269,9993000069,ABCDE,ABCDE@gmail.com,9930000069,9930000069,Business,House Wife,200000,0,9999999990,ABC School,Matriculation,100,5,80,Good,/Users/mullai/Documents/Doc For Automation/Aadhar Card.webp,/Users/mullai/Documents/Doc For Automation/Birth Certificate.png,/Users/mullai/Documents/Doc For Automation/Passport Size Photo.jpeg,/Users/mullai/Documents/Doc For Automation/Aadhar Card.webp,/Users/mullai/Documents/Doc For Automation/Domicile certificate.jpeg
Mullai,27012036,Male,STD82,ROLL82,ADM82,9999999270,2023 - 2024,6 - B,AB+,PID82,Chennai,Chennai,ABCD,ABCD@gmail.com,9999999270,9993000070,ABCDE,ABCDE@gmail.com,9930000070,9930000070,Business,House Wife,200000,0,9999999990,ABC School,Matriculation,100,5,80,Good,/Users/mullai/Documents/Doc For Automation/Aadhar Card.webp,/Users/mullai/Documents/Doc For Automation/Birth Certificate.png,/Users/mullai/Documents/Doc For Automation/Passport Size Photo.jpeg,/Users/mullai/Documents/Doc For Automation/Aadhar Card.webp,/Users/mullai/Documents/Doc For Automation/Domicile certificate.jpeg
Mullai,27012036,Male,STD83,ROLL83,ADM83,9999999271,2023 - 2024,6 - B,AB+,PID83,Chennai,Chennai,ABCD,ABCD@gmail.com,9999999271,9993000071,ABCDE,ABCDE@gmail.com,9930000071,9930000071,Business,House Wife,200000,0,9999999990,ABC School,Matriculation,100,5,80,Good,/Users/mullai/Documents/Doc For Automation/Aadhar Card.webp,/Users/mullai/Documents/Doc For Automation/Birth Certificate.png,/Users/mullai/Documents/Doc For Automation/Passport Size Photo.jpeg,/Users/mullai/Documents/Doc For Automation/Aadhar Card.webp,/Users/mullai/Documents/Doc For Automation/Domicile certificate.jpeg
Mullai,27012036,Male,STD84,ROLL84,ADM84,9999999272,2023 - 2024,6 - B,AB+,PID84,Chennai,Chennai,ABCD,ABCD@gmail.com,9999999272,9993000072,ABCDE,ABCDE@gmail.com,9930000072,9930000072,Business,House Wife,200000,0,9999999990,ABC School,Matriculation,100,5,80,Good,/Users/mullai/Documents/Doc For Automation/Aadhar Card.webp,/Users/mullai/Documents/Doc For Automation/Birth Certificate.png,/Users/mullai/Documents/Doc For Automation/Passport Size Photo.jpeg,/Users/mullai/Documents/Doc For Automation/Aadhar Card.webp,/Users/mullai/Documents/Doc For Automation/Domicile certificate.jpeg
Mullai,27012036,Male,STD85,ROLL85,ADM85,9999999273,2023 - 2024,6 - B,AB+,PID85,Chennai,Chennai,ABCD,ABCD@gmail.com,9999999273,9993000073,ABCDE,ABCDE@gmail.com,9930000073,9930000073,Business,House Wife,200000,0,9999999990,ABC School,Matriculation,100,5,80,Good,/Users/mullai/Documents/Doc For Automation/Aadhar Card.webp,/Users/mullai/Documents/Doc For Automation/Birth Certificate.png,/Users/mullai/Documents/Doc For Automation/Passport Size Photo.jpeg,/Users/mullai/Documents/Doc For Automation/Aadhar Card.webp,/Users/mullai/Documents/Doc For Automation/Domicile certificate.jpeg
Mullai,27012036,Male,STD86,ROLL86,ADM86,9999999274,2023 - 2024,6 - B,AB+,PID86,Chennai,Chennai,ABCD,ABCD@gmail.com,9999999274,9993000074,ABCDE,ABCDE@gmail.com,9930000074,9930000074,Business,House Wife,200000,0,9999999990,ABC School,Matriculation,100,5,80,Good,/Users/mullai/Documents/Doc For Automation/Aadhar Card.webp,/Users/mullai/Documents/Doc For Automation/Birth Certificate.png,/Users/mullai/Documents/Doc For Automation/Passport Size Photo.jpeg,/Users/mullai/Documents/Doc For Automation/Aadhar Card.webp,/Users/mullai/Documents/Doc For Automation/Domicile certificate.jpeg
Mullai,27012036,Male,STD87,ROLL87,ADM87,9999999275,2023 - 2024,6 - B,AB+,PID87,Chennai,Chennai,ABCD,ABCD@gmail.com,9999999275,9993000075,ABCDE,ABCDE@gmail.com,9930000075,9930000075,Business,House Wife,200000,0,9999999990,ABC School,Matriculation,100,5,80,Good,/Users/mullai/Documents/Doc For Automation/Aadhar Card.webp,/Users/mullai/Documents/Doc For Automation/Birth Certificate.png,/Users/mullai/Documents/Doc For Automation/Passport Size Photo.jpeg,/Users/mullai/Documents/Doc For Automation/Aadhar Card.webp,/Users/mullai/Documents/Doc For Automation/Domicile certificate.jpeg
Mullai,27012036,Male,STD88,ROLL88,ADM88,9999999276,2023 - 2024,6 - B,AB+,PID88,Chennai,Chennai,ABCD,ABCD@gmail.com,9999999276,9993000076,ABCDE,ABCDE@gmail.com,9930000076,9930000076,Business,House Wife,200000,0,9999999990,ABC School,Matriculation,100,5,80,Good,/Users/mullai/Documents/Doc For Automation/Aadhar Card.webp,/Users/mullai/Documents/Doc For Automation/Birth Certificate.png,/Users/mullai/Documents/Doc For Automation/Passport Size Photo.jpeg,/Users/mullai/Documents/Doc For Automation/Aadhar Card.webp,/Users/mullai/Documents/Doc For Automation/Domicile certificate.jpeg
Mullai,27012036,Male,STD89,ROLL89,ADM89,9999999277,2023 - 2024,6 - B,AB+,PID89,Chennai,Chennai,ABCD,ABCD@gmail.com,9999999277,9993000077,ABCDE,ABCDE@gmail.com,9930000077,9930000077,Business,House Wife,200000,0,9999999990,ABC School,Matriculation,100,5,80,Good,/Users/mullai/Documents/Doc For Automation/Aadhar Card.webp,/Users/mullai/Documents/Doc For Automation/Birth Certificate.png,/Users/mullai/Documents/Doc For Automation/Passport Size Photo.jpeg,/Users/mullai/Documents/Doc For Automation/Aadhar Card.webp,/Users/mullai/Documents/Doc For Automation/Domicile certificate.jpeg
Mullai,27012036,Male,STD90,ROLL90,ADM90,9999999278,2023 - 2024,6 - B,AB+,PID90,Chennai,Chennai,ABCD,ABCD@gmail.com,9999999278,9993000078,ABCDE,ABCDE@gmail.com,9930000078,9930000078,Business,House Wife,200000,0,9999999990,ABC School,Matriculation,100,5,80,Good,/Users/mullai/Documents/Doc For Automation/Aadhar Card.webp,/Users/mullai/Documents/Doc For Automation/Birth Certificate.png,/Users/mullai/Documents/Doc For Automation/Passport Size Photo.jpeg,/Users/mullai/Documents/Doc For Automation/Aadhar Card.webp,/Users/mullai/Documents/Doc For Automation/Domicile certificate.jpeg
Mullai,27012036,Male,STD91,ROLL91,ADM91,9999999279,2023 - 2024,6 - B,AB+,PID91,Chennai,Chennai,ABCD,ABCD@gmail.com,9999999279,9993000079,ABCDE,ABCDE@gmail.com,9930000079,9930000079,Business,House Wife,200000,0,9999999990,ABC School,Matriculation,100,5,80,Good,/Users/mullai/Documents/Doc For Automation/Aadhar Card.webp,/Users/mullai/Documents/Doc For Automation/Birth Certificate.png,/Users/mullai/Documents/Doc For Automation/Passport Size Photo.jpeg,/Users/mullai/Documents/Doc For Automation/Aadhar Card.webp,/Users/mullai/Documents/Doc For Automation/Domicile certificate.jpeg
Mullai,27012036,Male,STD92,ROLL92,ADM92,9999999280,2023 - 2024,6 - B,AB+,PID92,Chennai,Chennai,ABCD,ABCD@gmail.com,9999999280,9993000080,ABCDE,ABCDE@gmail.com,9930000080,9930000080,Business,House Wife,200000,0,9999999990,ABC School,Matriculation,100,5,80,Good,/Users/mullai/Documents/Doc For Automation/Aadhar Card.webp,/Users/mullai/Documents/Doc For Automation/Birth Certificate.png,/Users/mullai/Documents/Doc For Automation/Passport Size Photo.jpeg,/Users/mullai/Documents/Doc For Automation/Aadhar Card.webp,/Users/mullai/Documents/Doc For Automation/Domicile certificate.jpeg
Mullai,27012036,Male,STD93,ROLL93,ADM93,9999999281,2023 - 2024,6 - B,AB+,PID93,Chennai,Chennai,ABCD,ABCD@gmail.com,9999999281,9993000081,ABCDE,ABCDE@gmail.com,9930000081,9930000081,Business,House Wife,200000,0,9999999990,ABC School,Matriculation,100,5,80,Good,/Users/mullai/Documents/Doc For Automation/Aadhar Card.webp,/Users/mullai/Documents/Doc For Automation/Birth Certificate.png,/Users/mullai/Documents/Doc For Automation/Passport Size Photo.jpeg,/Users/mullai/Documents/Doc For Automation/Aadhar Card.webp,/Users/mullai/Documents/Doc For Automation/Domicile certificate.jpeg
Mullai,27012036,Male,STD94,ROLL94,ADM94,9999999282,2023 - 2024,6 - B,AB+,PID94,Chennai,Chennai,ABCD,ABCD@gmail.com,9999999282,9993000082,ABCDE,ABCDE@gmail.com,9930000082,9930000082,Business,House Wife,200000,0,9999999990,ABC School,Matriculation,100,5,80,Good,/Users/mullai/Documents/Doc For Automation/Aadhar Card.webp,/Users/mullai/Documents/Doc For Automation/Birth Certificate.png,/Users/mullai/Documents/Doc For Automation/Passport Size Photo.jpeg,/Users/mullai/Documents/Doc For Automation/Aadhar Card.webp,/Users/mullai/Documents/Doc For Automation/Domicile certificate.jpeg
Mullai,27012036,Male,STD95,ROLL95,ADM95,9999999283,2023 - 2024,6 - B,AB+,PID95,Chennai,Chennai,ABCD,ABCD@gmail.com,9999999283,9993000083,ABCDE,ABCDE@gmail.com,9930000083,9930000083,Business,House Wife,200000,0,9999999990,ABC School,Matriculation,100,5,80,Good,/Users/mullai/Documents/Doc For Automation/Aadhar Card.webp,/Users/mullai/Documents/Doc For Automation/Birth Certificate.png,/Users/mullai/Documents/Doc For Automation/Passport Size Photo.jpeg,/Users/mullai/Documents/Doc For Automation/Aadhar Card.webp,/Users/mullai/Documents/Doc For Automation/Domicile certificate.jpeg
Mullai,27012036,Male,STD96,ROLL96,ADM96,9999999284,2023 - 2024,6 - B,AB+,PID96,Chennai,Chennai,ABCD,ABCD@gmail.com,9999999284,9993000084,ABCDE,ABCDE@gmail.com,9930000084,9930000084,Business,House Wife,200000,0,9999999990,ABC School,Matriculation,100,5,80,Good,/Users/mullai/Documents/Doc For Automation/Aadhar Card.webp,/Users/mullai/Documents/Doc For Automation/Birth Certificate.png,/Users/mullai/Documents/Doc For Automation/Passport Size Photo.jpeg,/Users/mullai/Documents/Doc For Automation/Aadhar Card.webp,/Users/mullai/Documents/Doc For Automation/Domicile certificate.jpeg
Mullai,27012036,Male,STD97,ROLL97,ADM97,9999999285,2023 - 2024,6 - B,AB+,PID97,Chennai,Chennai,ABCD,ABCD@gmail.com,9999999285,9993000085,ABCDE,ABCDE@gmail.com,9930000085,9930000085,Business,House Wife,200000,0,9999999990,ABC School,Matriculation,100,5,80,Good,/Users/mullai/Documents/Doc For Automation/Aadhar Card.webp,/Users/mullai/Documents/Doc For Automation/Birth Certificate.png,/Users/mullai/Documents/Doc For Automation/Passport Size Photo.jpeg,/Users/mullai/Documents/Doc For Automation/Aadhar Card.webp,/Users/mullai/Documents/Doc For Automation/Domicile certificate.jpeg
Mullai,27012036,Male,STD98,ROLL98,ADM98,9999999286,2023 - 2024,6 - B,AB+,PID98,Chennai,Chennai,ABCD,ABCD@gmail.com,9999999286,9993000086,ABCDE,ABCDE@gmail.com,9930000086,9930000086,Business,House Wife,200000,0,9999999990,ABC School,Matriculation,100,5,80,Good,/Users/mullai/Documents/Doc For Automation/Aadhar Card.webp,/Users/mullai/Documents/Doc For Automation/Birth Certificate.png,/Users/mullai/Documents/Doc For Automation/Passport Size Photo.jpeg,/Users/mullai/Documents/Doc For Automation/Aadhar Card.webp,/Users/mullai/Documents/Doc For Automation/Domicile certificate.jpeg
Mullai,27012036,Male,STD99,ROLL99,ADM99,9999999287,2023 - 2024,6 - B,AB+,PID99,Chennai,Chennai,ABCD,ABCD@gmail.com,9999999287,9993000087,ABCDE,ABCDE@gmail.com,9930000087,9930000087,Business,House Wife,200000,0,9999999990,ABC School,Matriculation,100,5,80,Good,/Users/mullai/Documents/Doc For Automation/Aadhar Card.webp,/Users/mullai/Documents/Doc For Automation/Birth Certificate.png,/Users/mullai/Documents/Doc For Automation/Passport Size Photo.jpeg,/Users/mullai/Documents/Doc For Automation/Aadhar Card.webp,/Users/mullai/Documents/Doc For Automation/Domicile certificate.jpeg
Mullai,27012036,Male,STD100,ROLL100,ADM100,9999999288,2023 - 2024,6 - B,AB+,PID100,Chennai,Chennai,ABCD,ABCD@gmail.com,9999999288,9993000088,ABCDE,ABCDE@gmail.com,9930000088,9930000088,Business,House Wife,200000,0,9999999990,ABC School,Matriculation,100,5,80,Good,/Users/mullai/Documents/Doc For Automation/Aadhar Card.webp,/Users/mullai/Documents/Doc For Automation/Birth Certificate.png,/Users/mullai/Documents/Doc For Automation/Passport Size Photo.jpeg,/Users/mullai/Documents/Doc For Automation/Aadhar Card.webp,/Users/mullai/Documents/Doc For Automation/Domicile certificate.jpeg
Mullai,27012036,Male,STD101,ROLL101,ADM101,9999999289,2023 - 2024,6 - B,AB+,PID101,Chennai,Chennai,ABCD,ABCD@gmail.com,9999999289,9993000089,ABCDE,ABCDE@gmail.com,9930000089,9930000089,Business,House Wife,200000,0,9999999990,ABC School,Matriculation,100,5,80,Good,/Users/mullai/Documents/Doc For Automation/Aadhar Card.webp,/Users/mullai/Documents/Doc For Automation/Birth Certificate.png,/Users/mullai/Documents/Doc For Automation/Passport Size Photo.jpeg,/Users/mullai/Documents/Doc For Automation/Aadhar Card.webp,/Users/mullai/Documents/Doc For Automation/Domicile certificate.jpeg
Mullai,27012036,Male,STD102,ROLL102,ADM102,9999999290,2023 - 2024,6 - B,AB+,PID102,Chennai,Chennai,ABCD,ABCD@gmail.com,9999999290,9993000090,ABCDE,ABCDE@gmail.com,9930000090,9930000090,Business,House Wife,200000,0,9999999990,ABC School,Matriculation,100,5,80,Good,/Users/mullai/Documents/Doc For Automation/Aadhar Card.webp,/Users/mullai/Documents/Doc For Automation/Birth Certificate.png,/Users/mullai/Documents/Doc For Automation/Passport Size Photo.jpeg,/Users/mullai/Documents/Doc For Automation/Aadhar Card.webp,/Users/mullai/Documents/Doc For Automation/Domicile certificate.jpeg
Mullai,27012036,Male,STD103,ROLL103,ADM103,9999999291,2023 - 2024,6 - B,AB+,PID103,Chennai,Chennai,ABCD,ABCD@gmail.com,9999999291,9993000091,ABCDE,ABCDE@gmail.com,9930000091,9930000091,Business,House Wife,200000,0,9999999990,ABC School,Matriculation,100,5,80,Good,/Users/mullai/Documents/Doc For Automation/Aadhar Card.webp,/Users/mullai/Documents/Doc For Automation/Birth Certificate.png,/Users/mullai/Documents/Doc For Automation/Passport Size Photo.jpeg,/Users/mullai/Documents/Doc For Automation/Aadhar Card.webp,/Users/mullai/Documents/Doc For Automation/Domicile certificate.jpeg
